序号,物料号,仓库代号,盒子大小,数量,用途,仓库位置,总装地址,备注
1,13799794,34068,G,1000,NORMAL,C-43-C-2,手工台-13-A03,
2,13799794,34069,G,1000,URGENT,C-43-C-2,手工台-13-A03,
1,13799803,34072,G,800,NORMAL,G-14-C-1,手工台-13-B03-B04,
2,13799803,34073,G,800,URGENT,G-14-C-1,手工台-13-B03-B04,
1,13799836,34086,H,500,NORMAL,G-24-B-2,物料架-14-B01,
2,13799836,34087,H,500,URGENT,G-24-B-2,物料架-14-B01,
1,33329644,34110,标包,250,NORMAL,A-41-D-1,外购件架-03-G04,
2,33329644,34111,标包,250,URGENT,A-41-D-1,外购件架-03-G04,
1,13799813,38940,G,500,NORMAL,G-27-B-1,手工台-13-A05,
2,13799813,38941,G,500,URGENT,G-27-B-1,手工台-13-A05,
1,13799843,38944,C,1000,NORMAL,G-36-C-3,TH80-OLE1-08-A03-A04,
2,13799843,38945,C,1000,URGENT,G-36-C-3,TH80-OLE1-08-A03-A04,
1,35866379,40055,标包,15,NORMAL,I-23-B-1,物料架-14-F01-F03,
2,35866379,40056,标包,15,URGENT,I-23-B-1,物料架-14-F01-F03,
1,33221314,41775,H,250,NORMAL,G-14-C-4,胶带机-12-A05~A06,
2,33221314,41776,H,250,URGENT,G-14-C-4,胶带机-12-A05~A06,
1,13742565,43061,G,3000,NORMAL,G-37-C-2,TH80-OLE1-08-A01-A02,
2,13742565,43062,G,3000,URGENT,G-37-C-2,TH80-OLE1-08-A01-A02,
1,35259396,48555,G,2700,NORMAL,G-13-B-4,物料架-02-F05,
2,35259396,48556,G,2700,URGENT,G-13-B-4,物料架-02-F05,
1,35327569,50379,标包,200,NORMAL,A-41-D-4,外购件架-03-G06,
2,35327569,50380,标包,200,URGENT,A-41-D-4,外购件架-03-G06,
1,35323104,50383,标包,150,NORMAL,A-38-C-3,外购件架-03-A02-A03,
2,35323104,50384,标包,150,URGENT,A-38-C-3,外购件架-03-A02-A03,
1,13799834,51565,H,500,NORMAL,I-34-B-6,物料架-14-C03,
2,13799834,51566,H,500,URGENT,I-34-B-6,物料架-14-C03,
1,13799856,51601,H,1400,NORMAL,G-13-B-5,物料架-05-A02,
2,13799856,51602,H,1400,URGENT,G-13-B-5,物料架-05-A02,
1,10751622,53899,G,440,NORMAL,G-38-C-6,物料架-02-F01,
1,13671785,53907,标包,1080,NORMAL,E-35-D-4,物料架右-08-A02,
2,13671785,53908,标包,1080,URGENT,E-35-D-4,物料架右-08-A02,
2,10751622,55305,G,440,URGENT,G-38-C-6,物料架-02-F01,
1,12186005,56707,标包,5000,NORMAL,C-25-C-3,盲栓台-01-A05,
2,12186005,56708,标包,5000,URGENT,C-25-C-3,盲栓台-01-A05,
1,13799815,56859,G,500,NORMAL,G-28-B-4,手工台-13-A01,
2,13799815,56860,G,500,URGENT,G-28-B-4,手工台-13-A01,
1,35344127,59295,D,600,NORMAL,J-35-B-4,手工台-14-A02,
2,35344127,59296,D,600,URGENT,J-35-B-4,手工台-14-A02,
1,35524191,59347,H,2000,NORMAL,F-37-C-1,物料架-05-C01,
2,35524191,59348,H,2000,URGENT,F-37-C-1,物料架-05-C01,
1,35323103,59363,标包,150,NORMAL,A-38-C-1,外购件架-03-B03,
2,35323103,59364,标包,150,URGENT,A-38-C-1,外购件架-03-B03,
1,35414167,61825,C,200,NORMAL,J-30-B-5,物料架-02-D04,
2,35414167,61826,C,200,URGENT,J-30-B-5,物料架-02-D04,
1,35489308,61839,C,200,NORMAL,J-31-B-7,物料架-02-C05,
2,35489308,61840,C,200,URGENT,J-31-B-7,物料架-02-C05,
1,35269533,61951,标包,300,NORMAL,C-5-D-5,外购件架-02-A03,
2,35269533,61952,标包,300,URGENT,C-5-D-5,外购件架-02-A03,
1,35269534,61953,标包,400,NORMAL,C-6-D-6,外购件架-01-C01,
2,35269534,61954,标包,400,URGENT,C-6-D-6,外购件架-01-C01,
1,35269540,61961,标包,300,NORMAL,A-40-C-5,外购件架-02-F01,
2,35269540,61962,标包,300,URGENT,A-40-C-5,外购件架-02-F01,
1,36006252,61963,标包,150,NORMAL,A-42-C-2,外购件架-04-F01,
2,36006252,61964,标包,150,URGENT,A-42-C-2,外购件架-04-F01,
1,36006253,61965,标包,150,NORMAL,A-43-C-5,外购件架-04-B02,
2,36006253,61966,标包,150,URGENT,A-43-C-5,外购件架-04-B02,
1,36006259,61967,标包,200,NORMAL,J-21-C-1,外购件架-04-B02,
2,36006259,61968,标包,200,URGENT,J-21-C-1,外购件架-04-B02,
1,36006254,61969,标包,300,NORMAL,A-43-C-3,外购件架-01-D01,
2,36006254,61970,标包,300,URGENT,A-43-C-3,外购件架-01-D01,
1,35269544,61971,标包,250,NORMAL,B-41-C-3,外购件架-04-C01,
2,35269544,61972,标包,250,URGENT,B-41-C-3,外购件架-04-C01,
1,36006258,61973,标包,200,NORMAL,A-43-C-2,外购件架-04-C02,
2,36006258,61974,标包,200,URGENT,A-43-C-2,外购件架-04-C02,
1,35335569,65213,D,500,NORMAL,D-43-B-10,物料架-01-E04,
2,35335569,65214,D,500,URGENT,D-43-B-10,物料架-01-E04,
1,15422682,66461,密封罐,10000,NORMAL,C-24-D-4,盲栓台-01-B01,
2,15422682,66462,密封罐,10000,URGENT,C-24-D-4,盲栓台-01-B01,
1,35702465,66471,H,95,NORMAL,C-28-B-5,物料架-08-D03-D04,
2,35702465,66472,H,95,URGENT,C-28-B-5,物料架-08-D03-D04,
1,15443148,66481,D,180,NORMAL,E-21-D-1,物料架-08-D05,
2,15443148,66482,D,180,URGENT,E-21-D-1,物料架-08-D05,
1,33157221,66483,C,1200,NORMAL,E-5-D-2,物料架-14-F03,
2,33157221,66484,C,1200,URGENT,E-5-D-2,物料架-14-F03,
1,35525929,66487,G,500,NORMAL,B-34-C-6,物料架-14-B03,
2,35525929,66488,G,500,URGENT,B-34-C-6,物料架-14-B03,
1,13799815,66525,G,500,NORMAL,G-28-B-4,物料架-01-F02,
2,13799815,66526,G,500,URGENT,G-28-B-4,物料架-01-F02,
1,13799846,66753,H,2500,NORMAL,G-12-C-1,物料架-05-A01,
2,13799846,66754,H,2500,URGENT,G-12-C-1,物料架-05-A01,
1,35524398,66755,H,1400,NORMAL,B-32-C-5,物料架-05-B02,
2,35524398,66756,H,1400,URGENT,B-32-C-5,物料架-05-B02,
1,35452248,67341,C,500,NORMAL,J-39-C-6,物料架-14-D04,
2,35452248,67342,C,500,URGENT,J-39-C-6,物料架-14-D04,
1,13671786,67557,标包,784,NORMAL,E-35-D-5,物料架-08左-A04,
2,13671786,67558,标包,784,URGENT,E-35-D-5,物料架-08左-A04,
1,35391780,67691,C,500,NORMAL,J-39-B-3,TH80-OLE1-07-A03-A04,
2,35391780,67692,C,500,URGENT,J-39-B-3,TH80-OLE1-07-A03-A04,
1,35372879,67697,G,400,NORMAL,J-37-C-7,自动线架-01-C01,
2,35372879,67698,G,400,URGENT,J-37-C-7,自动线架-01-C01,
1,35053139,67953,标包,1000,NORMAL,A-42-B-1,物料架-08-F03,
2,35053139,67954,标包,1000,URGENT,A-42-B-1,物料架-08-F03,
1,13767086,67955,标包,2000,NORMAL,A-42-B-2,物料架-08-F01,
2,13767086,67956,标包,2000,URGENT,A-42-B-2,物料架-08-F01,
1,13767089,67957,标包,3500,NORMAL,C-30-D-5,物料架-08-F02,
2,13767089,67958,标包,3500,URGENT,C-30-D-5,物料架-08-F02,
1,15497687,68273,A,1500,NORMAL,D-35-B-1,手工台-12-A01&A02,
2,15497687,68274,A,1500,URGENT,D-35-B-1,手工台-12-A01&A02,
1,15497685,68275,D,650,NORMAL,E-39-D-1,手工台-07-A01~A02,
2,15497685,68276,D,650,URGENT,E-39-D-1,手工台-07-A01~A02,
1,15497686,68277,A,700,NORMAL,G-31-C-3,手工台-07-A03~A04,
2,15497686,68278,A,700,URGENT,G-31-C-3,手工台-07-A03~A04,
1,35797033,68635,C,400,NORMAL,J-39-B-7,手工台-19-A03,
2,35797033,68636,C,400,URGENT,J-39-B-7,手工台-19-A03,
1,35256103,68647,B,105,NORMAL,J-34-B-4,物料架-04-C03,
2,35256103,68648,B,105,URGENT,J-34-B-4,物料架-04-C03,
1,15385932,68755,C,1000,NORMAL,E-42-C-3,TH80-OLE1-08-A05-A06,
2,15385932,68756,C,1000,URGENT,E-42-C-3,TH80-OLE1-08-A05-A06,
1,35388051,71257,标包,250,NORMAL,A-37-D-2,外购件架-02-A01,
2,35388051,71258,标包,250,URGENT,A-37-D-2,外购件架-02-A01,
1,35388053,71259,标包,250,NORMAL,A-36-C-3,外购件架-02-A02,
2,35388053,71260,标包,250,URGENT,A-36-C-3,外购件架-02-A02,
1,35388050,72268,标包,250,NORMAL,A-41-C-4,外购件架-03-F01,
2,35388050,72269,标包,250,URGENT,A-41-C-4,外购件架-03-F01,
1,13686058,74388,D,600,NORMAL,D-12-E-6,MECAL-08物料架-B02,
2,13686058,74389,D,600,URGENT,D-12-E-6,MECAL-08物料架-B02,
1,35548306,74780,C,750,NORMAL,J-37-B-6,手工台-02-B09~B10,
2,35548306,74781,C,750,URGENT,J-37-B-6,手工台-02-B09~B10,
1,35407322,74982,D,400,NORMAL,J-38-B-6,MECAL-08物料架-A02,
2,35407322,74983,D,400,URGENT,J-38-B-6,MECAL-08物料架-A02,
1,35259396,75446,G,2700,NORMAL,G-13-B-4,手工台-19-A05~A06,
2,35259396,75447,G,2700,URGENT,G-13-B-4,手工台-19-A05~A06,
1,35414243,75538,D,200,NORMAL,J-31-B-1,物料架-02-D02,
2,35414243,75539,D,200,URGENT,J-31-B-1,物料架-02-D02,
1,13676744,78597,密封罐,1000,NORMAL,C-27-D-1,手工台-24-A02-A03,
2,13676744,78598,密封罐,1000,URGENT,C-27-D-1,手工台-24-A02-A03,
1,35526628,78635,C,1200,NORMAL,J-36-B-3,TH80-OLE-03-B03-B04,
2,35526628,78636,C,1200,URGENT,J-36-B-3,TH80-OLE-03-B03-B04,
1,13799814,80727,G,500,NORMAL,G-29-B-6,手工台-13-B01~B02,
2,13799814,80728,G,500,URGENT,G-29-B-6,手工台-13-B01~B02,
1,35740814,80767,C,200,NORMAL,J-32-B-2,物料架-01-E05,
2,35740814,80768,C,200,URGENT,J-32-B-2,物料架-01-E05,
1,12186382,84652,密封罐,3000,NORMAL,F-6-B-3,胶带机-07-A02后,
2,12186382,84653,密封罐,3000,URGENT,F-6-B-3,胶带机-07-A02后,
1,13608467,86766,密封罐,1000,NORMAL,D-9-F-9,S-01-F04,
2,13608467,86767,密封罐,1000,URGENT,D-9-F-9,S-01-F04,
1,36006255,88788,标包,150,NORMAL,A-43-C-4,外购件架-03-D01,
1,36006257,88789,标包,200,NORMAL,A-43-C-1,外购件架-03-E03,
1,35388052,88791,标包,300,NORMAL,A-39-C-5,外购件架-03-E03,
2,36006255,88796,标包,150,URGENT,A-43-C-4,外购件架-03-E03,
2,36006257,88797,标包,200,URGENT,A-43-C-1,外购件架-03-E03,
2,35388052,88799,标包,300,URGENT,A-39-C-5,外购件架-03-E03,
1,15366022,92716,密封罐,8000,NORMAL,C-25-D-7,S-01-F06,
2,15366022,92717,密封罐,8000,URGENT,C-25-D-7,S-01-F06,
1,33131690,93755,密封罐,3000,NORMAL,C-26-E-1,手工台-17-A01,
2,33131690,93756,密封罐,3000,URGENT,C-26-E-1,手工台-17-A01,
1,13799813,94307,E,500,NORMAL,G-27-B-1,物料架-02-F03,
2,13799813,94308,E,500,URGENT,G-27-B-1,物料架-02-F03,
1,35665867,94703,密封罐,1000,NORMAL,E-31-C-6,手工台-19-A01,
2,35665867,94704,密封罐,1000,URGENT,E-31-C-6,手工台-19-A01,
1,35574601,94727,标包,150,NORMAL,A-38-C-4,外购件架-03-C03,
2,35574601,94728,标包,150,URGENT,A-38-C-4,外购件架-03-C03,
1,35574602,94729,标包,150,NORMAL,A-38-D-1,外购件架-03-C02,
2,35574602,94730,标包,150,URGENT,A-38-D-1,外购件架-03-C02,
1,35526617,94933,G,1500,NORMAL,J-30-B-7,物料架-01-D01,
2,35526617,94934,G,1500,URGENT,J-30-B-7,物料架-01-D01,
1,15327801,94941,D,600,NORMAL,J-37-B-4,物料架-02-D05,
2,15327801,94942,D,600,URGENT,J-37-B-4,物料架-02-D05,
1,10866631,94943,D,200,NORMAL,J-35-B-2,物料架-02-E06,
2,10866631,94944,D,200,URGENT,J-35-B-2,物料架-02-E06,
1,35234484,94945,G,200,NORMAL,J-31-B-5,自动线架-01-F04,
2,35234484,94946,G,200,URGENT,J-31-B-5,自动线架-01-F04,
1,35434247,94947,G,400,NORMAL,J-33-B-8,自动线架-01-F03,
2,35434247,94948,G,400,URGENT,J-33-B-8,自动线架-01-F03,
1,35425992,94949,G,200,NORMAL,J-38-B-1,自动线架-01-D03,
2,35425992,94950,G,200,URGENT,J-38-B-1,自动线架-01-D03,
1,13783764,94959,密封罐,500,NORMAL,C-6-B-5,物料架-02-E01,
2,13783764,94960,密封罐,500,URGENT,C-6-B-5,物料架-02-E01,
1,35425988,94969,G,200,NORMAL,J-37-B-2,自动线架-01-D04,
2,35425988,94970,G,200,URGENT,J-37-B-2,自动线架-01-D04,
1,35398563,94981,D,500,NORMAL,J-36-C-7,物料架-14-E07,
2,35398563,94982,D,500,URGENT,J-36-C-7,物料架-14-E07,
1,13862359,94993,密封罐,5000,NORMAL,C-26-D-2,S-01-F07,
2,13862359,94994,密封罐,5000,URGENT,C-26-D-2,S-01-F07,
1,33242454,95967,密封罐,1700,NORMAL,C-25-B-2,S-01-F02,
2,33242454,95968,密封罐,1700,URGENT,C-25-B-2,S-01-F02,
1,13600242,95969,密封罐,10000,NORMAL,C-25-B-7,S-01-F03,
2,13600242,95970,密封罐,10000,URGENT,C-25-B-7,S-01-F03,
1,13799813,96023,C,250,NORMAL,G-27-B-1,手工台-07-B03~B04,
2,13799813,96024,C,250,URGENT,G-27-B-1,手工台-07-B03~B04,
1,35264973,96027,G,200,NORMAL,J-35-B-4,自动线架-01-F05,
2,35264973,96028,G,200,URGENT,J-35-B-4,自动线架-01-F05,
1,35177054,96037,C,400,NORMAL,J-31-B-2,物料架-04-E03,
2,35177054,96038,C,400,URGENT,J-31-B-2,物料架-04-E03,
1,35269536,96187,标包,200,NORMAL,A-36-D-2,外购件架-03-B02,
2,35269536,96188,标包,200,URGENT,A-36-D-2,外购件架-03-B02,
1,35342867,96241,C,1000,NORMAL,J-33-B-7,TH80-OLE-03-B01-B02,
2,35342867,96242,C,1000,URGENT,J-33-B-7,TH80-OLE-03-B01-B02,
1,35513934,96243,C,720,NORMAL,J-35-B-1,TH80-OLE-03-A07-A08,
2,35513934,96244,C,720,URGENT,J-35-B-1,TH80-OLE-03-A07-A08,
1,35355753,96245,C,580,NORMAL,J-34-B-2,TH80-OLE-03-A05-A06,
2,35355753,96246,C,580,URGENT,J-34-B-2,TH80-OLE-03-A05-A06,
1,35259397,96341,G,1600,NORMAL,G-14-C-3,物料架-01-F04,
2,35259397,96342,G,1600,URGENT,G-14-C-3,物料架-01-F04,
1,13799815,96477,G,500,NORMAL,G-28-B-4,手工台-13-A02,
2,13799815,96478,G,500,URGENT,G-28-B-4,手工台-13-A02,
1,35524191,97775,G,1000,NORMAL,F-37-C-1,T01-02-A01-A02,
2,35524191,97776,G,1000,URGENT,F-37-C-1,T01-02-A01-A02,
1,35524191,97777,G,1000,NORMAL,F-37-C-1,TH80-OLE-06-A04,
2,35524191,97778,G,1000,URGENT,F-37-C-1,TH80-OLE-06-A04,
1,13799794,98051,G,1000,NORMAL,C-43-C-2,手工台-13-A04,
2,13799794,98052,G,1000,URGENT,C-43-C-2,手工台-13-A04,
1,13799813,98053,G,500,NORMAL,G-27-B-1,手工台-13-A06,
2,13799813,98054,G,500,URGENT,G-27-B-1,手工台-13-A06,
1,35344127,98059,D,600,NORMAL,J-35-B-4,手工台-14-A03,
2,35344127,98060,D,600,URGENT,J-35-B-4,手工台-14-A03,
1,13799826,98075,H,500,NORMAL,G-21-B-1,物料架-14-C02,
2,13799826,98076,H,500,URGENT,G-21-B-1,物料架-14-C02,
1,35617220,98487,A,135,NORMAL,J-33-B-3,MECAL-08物料架-A02~A03,
2,35617220,98488,A,135,URGENT,J-33-B-3,MECAL-08物料架-A02~A03,
1,35053054,99859,标包,1104,NORMAL,E-35-C-3,物料架-09右-A04,
2,35053054,99860,标包,1104,URGENT,E-35-C-3,物料架-09右-A04,
1,35053028,99863,标包,1104,NORMAL,E-35-C-2,物料架-08右-A03,
2,35053028,99864,标包,1104,URGENT,E-35-C-2,物料架-08右-A03,
1,35180740,100025,C,400,NORMAL,J-36-C-5,物料架-02-C04,
2,35180740,100026,C,400,URGENT,J-36-C-5,物料架-02-C04,
1,35525940,100143,H,1800,NORMAL,G-12-B-4,物料架-05-B01,
2,35525940,100144,H,1800,URGENT,G-12-B-4,物料架-05-B01,
1,35450686,100189,C,500,NORMAL,J-39-C-5,手工台-07-B05-B06,
2,35450686,100190,C,500,URGENT,J-39-C-5,手工台-07-B05-B06,
1,35451337,100191,C,1200,NORMAL,J-36-C-2,手工台-07-B01-B02,
2,35451337,100192,C,1200,URGENT,J-36-C-2,手工台-07-B01-B02,
1,13799794,100205,G,1000,NORMAL,C-43-C-2,物料架-14-E01,
2,13799794,100206,G,1000,URGENT,C-43-C-2,物料架-14-E01,
1,13736211,100231,C,500,NORMAL,E-42-C-6,手工台18-A01-A02,
2,13736211,100232,C,500,URGENT,E-42-C-6,手工台18-A01-A02,
1,13799814,100307,G,500,NORMAL,G-29-B-6,物料架-04-F01,
2,13799814,100308,G,500,URGENT,G-29-B-6,物料架-04-F01,
1,35559218,100357,H,160,NORMAL,F-18-B-7,物料架-08-D01,
2,35559218,100358,H,160,URGENT,F-18-B-7,物料架-08-D01,
1,35525973,100395,H,1000,NORMAL,G-13-B-3,物料架-05-D02,
2,35525973,100396,H,1000,URGENT,G-13-B-3,物料架-05-D02,
1,10863927,100409,密封罐,900,NORMAL,E-41-B-5,手工台-24-A04-A05,
2,10863927,100410,密封罐,900,URGENT,E-41-B-5,手工台-24-A04-A05,
1,36007921,101103,H,4000,NORMAL,C-4-C-2,物料架-07-B01,
2,36007921,101104,H,4000,URGENT,C-4-C-2,物料架-07-B01,
1,10788155,101107,G,1200,NORMAL,B-1-B-1,物料架-07-B05,
2,10788155,101108,G,1200,URGENT,B-1-B-1,物料架-07-B05,
1,13798040,101111,H,2000,NORMAL,G-34-C-4,物料架-07-C01,
2,13798040,101112,H,2000,URGENT,G-34-C-4,物料架-07-C01,
1,12158013,101113,标包,14000,NORMAL,H-32-B-3,物料架-08-A03,
2,12158013,101114,标包,14000,URGENT,H-32-B-3,物料架-08-A03,
1,13799796,101129,G,670,NORMAL,I-31-B-1,T01-02-A03-A04,
2,13799796,101130,G,670,URGENT,I-31-B-1,T01-02-A03-A04,
1,35450692,101133,C,1200,NORMAL,J-38-B-4,TH80-OLE-03-A01-A02,
2,35450692,101134,C,1200,URGENT,J-38-B-4,TH80-OLE-03-A01-A02,
1,35726746,101139,标包,200,NORMAL,A-38-B-1,外购件架-01-G05,
2,35726746,101140,标包,200,URGENT,A-38-B-1,外购件架-01-G05,
1,35725361,101145,标包,400,NORMAL,B-43-C-4,外购件架01-F02,
2,35725361,101146,标包,400,URGENT,B-43-C-4,外购件架01-F02,
1,35727495,101151,G,200,NORMAL,J-36-B-8,自动线架-01-F02,
2,35727495,101152,G,200,URGENT,J-36-B-8,自动线架-01-F02,
1,35727012,101153,D,400,NORMAL,J-38-B-7,物料架-14-E04,
2,35727012,101154,D,400,URGENT,J-38-B-7,物料架-14-E04,
1,35727480,101157,D,200,NORMAL,J-39-C-1,物料架-02-E04,
2,35727480,101158,D,200,URGENT,J-39-C-1,物料架-02-E04,
1,35727498,101161,D,200,NORMAL,J-39-B-1,物料架-02-C07,
2,35727498,101162,D,200,URGENT,J-39-B-1,物料架-02-C07,
1,35524398,102861,C,270,NORMAL,B-32-C-5,MECAL-08物料架-A04,
2,35524398,102862,C,270,URGENT,B-32-C-5,MECAL-08物料架-A04,
1,13797502,104805,密封罐,500,NORMAL,C-26-D-6,手工台-24-A08~A09,
2,13797502,104806,密封罐,500,URGENT,C-26-D-6,手工台-24-A08~A09,
1,35311320,104809,标包,200,NORMAL,D-25-D-4,物料架-09右-A02,
2,35311320,104810,标包,200,URGENT,D-25-D-4,物料架-09右-A02,
1,35700084,105427,D,360,NORMAL,J-32-B-8,物料架-02-D07,
2,35700084,105428,D,360,URGENT,J-32-B-8,物料架-02-D07,
1,35685802,105429,G,200,NORMAL,J-35-B-5,自动线架-01-E05,
2,35685802,105430,G,200,URGENT,J-35-B-5,自动线架-01-E05,
1,35971303,105431,D,200,NORMAL,J-32-B-7,物料架-02-D06,
2,35971303,105432,D,200,URGENT,J-32-B-7,物料架-02-D06,
1,35662025,105883,标包,90,NORMAL,J-22-B-2,外购件架-04-F03,
2,35662025,105884,标包,90,URGENT,J-22-B-2,外购件架-04-F03,
1,35662024,105885,标包,90,NORMAL,J-22-B-3,外购件架-03-F02,
2,35662024,105886,标包,90,URGENT,J-22-B-3,外购件架-03-F02,
1,35662023,105887,标包,90,NORMAL,A-41-C-1,外购件架-04-F02,
2,35662023,105888,标包,90,URGENT,A-41-C-1,外购件架-04-F02,
1,13532215,106487,G,500,NORMAL,G-5-C-1,TH8001-02-A01-A02,
2,13532215,106488,G,500,URGENT,G-5-C-1,TH8001-02-A01-A02,
1,35519363,107199,保鲜盒,1000,NORMAL,C-26-E-2,物料架-01-C02,
2,35519363,107200,保鲜盒,1000,URGENT,C-26-E-2,物料架-01-C02,
1,13935600,107277,标包,232,NORMAL,X-0-W-0,物料架-08-A01,
2,13935600,107278,标包,232,URGENT,X-0-W-0,物料架-08-A01,
1,35659126,107283,密封罐,2800,NORMAL,D-31-D-5,物料架-11-C01,
2,35659126,107284,密封罐,2800,URGENT,D-31-D-5,物料架-11-C01,
1,13799803,108471,G,800,NORMAL,G-14-C-1,物料架-14-E02,
2,13799803,108472,G,800,URGENT,G-14-C-1,物料架-14-E02,
1,13799815,108475,C,250,NORMAL,G-28-B-4,手工台-07-B07~B08,
2,13799815,108476,C,250,URGENT,G-28-B-4,手工台-07-B07~B08,
1,13799816,109101,G,380,NORMAL,G-27-B-3,物料架-01-F03,
2,13799816,109102,G,380,URGENT,G-27-B-3,物料架-01-F03,
1,13686058,109325,D,600,NORMAL,D-12-E-6,物料架-01-D08,
2,13686058,109326,D,600,URGENT,D-12-E-6,物料架-01-D08,
1,35524191,109663,G,1000,NORMAL,F-37-C-1,物料架-17-A01,
2,35524191,109664,G,1000,URGENT,F-37-C-1,物料架-17-A01,
1,35525940,109669,G,900,NORMAL,G-12-B-4,物料架-17-B01,
2,35525940,109670,G,900,URGENT,G-12-B-4,物料架-17-B01,
1,13799814,109675,C,200,NORMAL,G-29-B-6,TH80-OLE1-07-A05~A06,
2,13799814,109676,C,200,URGENT,G-29-B-6,TH80-OLE1-07-A05~A06,
1,15385703,109691,密封罐,1000,NORMAL,C-25-D-6,S-01-F09,
2,15385703,109692,密封罐,1000,URGENT,C-25-D-6,S-01-F09,
1,15385703,109693,密封罐,1000,NORMAL,C-25-D-6,TH80-OLE1-07-B03,
2,15385703,109694,密封罐,1000,URGENT,C-25-D-6,TH80-OLE1-07-B03,
1,13834763,109707,密封罐,500,NORMAL,D-9-F-7,S-01-F05,
2,13834763,109708,密封罐,500,URGENT,D-9-F-7,S-01-F05,
1,13799835,110823,F,1000,NORMAL,F-24-C-4,物料架-14-B02,
2,13799835,110824,F,1000,URGENT,F-24-C-4,物料架-14-B02,
1,13609637,111911,C,2600,NORMAL,G-38-C-1,TH80-OLE-03-B07-B08,
2,13609637,111912,C,2600,URGENT,G-38-C-1,TH80-OLE-03-B07-B08,
1,35825657,111913,A,280,NORMAL,J-38-C-10,物料架-14-E06,
2,35825657,111914,A,280,URGENT,J-38-C-10,物料架-14-E06,
1,35812735,111915,A,100,NORMAL,J-38-C-8,物料架-14-F04,
2,35812735,111916,A,100,URGENT,J-38-C-8,物料架-14-F04,
1,33362472,111923,保鲜盒,500,NORMAL,C-26-F-6,物料架-02-E02,
2,33362472,111924,保鲜盒,500,URGENT,C-26-F-6,物料架-02-E02,
1,13799806,111925,H,1600,NORMAL,C-31-B-1,物料架-05-D01,
2,13799806,111926,H,1600,URGENT,C-31-B-1,物料架-05-D01,
1,13799796,111927,F,3000,NORMAL,I-31-B-1,物料架-05-E01~E02,
2,13799796,111928,F,3000,URGENT,I-31-B-1,物料架-05-E01~E02,
1,35861376,115009,标包,400,NORMAL,A-36-D-1,外购件架-03-A01,
2,35861376,115010,标包,400,URGENT,A-36-D-1,外购件架-03-A01,
1,35861366,115011,标包,200,NORMAL,A-36-C-4,外购件架-03-A04,
2,35861366,115012,标包,200,URGENT,A-36-C-4,外购件架-03-A04,
1,35824130,115013,标包,300,NORMAL,G-40-B-4,外购件架-03-B01,
2,35824130,115014,标包,300,URGENT,G-40-B-4,外购件架-03-B01,
1,35861367,115015,标包,200,NORMAL,A-40-D-1,外购件架-03-B04,
2,35861367,115016,标包,200,URGENT,A-40-D-1,外购件架-03-B04,
1,35861371,115017,标包,250,NORMAL,A-37-C-1,外购件架-03-E02,
2,35861371,115018,标包,250,URGENT,A-37-C-1,外购件架-03-E02,
1,35861368,115019,标包,400,NORMAL,A-36-C-1,外购件架-02-D02,
2,35861368,115020,标包,400,URGENT,A-36-C-1,外购件架-02-D02,
1,35861369,115021,标包,400,NORMAL,J-19-C-1,外购件架-02-D01,
2,35861369,115022,标包,400,URGENT,J-19-C-1,外购件架-02-D01,
1,35861370,115023,标包,250,NORMAL,J-18-C-5,外购件架-01-C03,
2,35861370,115024,标包,250,URGENT,J-18-C-5,外购件架-01-C03,
1,35805901,115031,A,85,NORMAL,J-37-C-6,物料架-02-E03,
2,35805901,115032,A,85,URGENT,J-37-C-6,物料架-02-E03,
1,35829731,115035,C,100,NORMAL,J-31-B-3,物料架-01-C07,
2,35829731,115036,C,100,URGENT,J-31-B-3,物料架-01-C07,
1,35805686,115037,D,400,NORMAL,F-43-B-1,物料架-01-F01,
2,35805686,115038,D,400,URGENT,F-43-B-1,物料架-01-F01,
1,35846105,115039,B,45,NORMAL,J-37-C-5,自动线架-01-E02,
2,35846105,115040,B,45,URGENT,J-37-C-5,自动线架-01-E02,
1,35812725,115043,C,300,NORMAL,J-36-C-6,物料架-02-C06,
2,35812725,115044,C,300,URGENT,J-36-C-6,物料架-02-C06,
1,35810189,115047,D,600,NORMAL,E-32-B-6,物料架-04-D06,
2,35810189,115048,D,600,URGENT,E-32-B-6,物料架-04-D06,
1,35806848,115049,D,170,NORMAL,D-32-C-5,物料架-04-D07,
2,35806848,115050,D,170,URGENT,D-32-C-5,物料架-04-D07,
1,35845309,115051,D,175,NORMAL,D-41-B-3,物料架-04-E02,
2,35845309,115052,D,175,URGENT,D-41-B-3,物料架-04-E02,
1,35807610,115053,D,350,NORMAL,J-35-B-3,物料架-02-C02,
2,35807610,115054,D,350,URGENT,J-35-B-3,物料架-02-C02,
1,35805043,115059,A,85,NORMAL,J-36-C-1,物料架-04-F04,
2,35805043,115060,A,85,URGENT,J-36-C-1,物料架-04-F04,
1,35489417,115421,标包,400,NORMAL,B-43-C-1,外购件架-01-C02,
2,35489417,115422,标包,400,URGENT,B-43-C-1,外购件架-01-C02,
1,35834769,115423,标包,200,NORMAL,B-36-C-3,外购件架-01-F03,
2,35834769,115424,标包,200,URGENT,B-36-C-3,外购件架-01-F03,
1,35834770,115425,标包,150,NORMAL,A-42-C-4,外购件架-01-B03,
2,35834770,115426,标包,150,URGENT,A-42-C-4,外购件架-01-B03,
1,35845313,116079,保鲜盒,1200,NORMAL,C-25-E-4,物料架-01-C01,
2,35845313,116080,保鲜盒,1200,URGENT,C-25-E-4,物料架-01-C01,
1,35854584,116081,G,200,NORMAL,J-36-B-4,物料架-03-E04,
2,35854584,116082,G,200,URGENT,J-36-B-4,物料架-03-E04,
1,35849358,116083,D,275,NORMAL,J-35-B-7,物料架-02-E05,
2,35849358,116084,D,275,URGENT,J-35-B-7,物料架-02-E05,
1,35850686,116095,密封罐,4000,NORMAL,C-26-C-2,手工台-05-A08,
2,35850686,116096,密封罐,4000,URGENT,C-26-C-2,手工台-05-A08,
1,35093412,116097,密封罐,4000,NORMAL,C-25-D-2,手工台-05-A01,
2,35093412,116098,密封罐,4000,URGENT,C-25-D-2,手工台-05-A01,
1,35524398,116111,G,700,NORMAL,B-32-C-5,物料架-17-A02,
2,35524398,116112,G,700,URGENT,B-32-C-5,物料架-17-A02,
1,35542186,116169,D,500,NORMAL,J-38-C-1,MECAL-08物料架-B01-B02,
2,35542186,116170,D,500,URGENT,J-38-C-1,MECAL-08物料架-B01-B02,
1,35833476,116171,A,160,NORMAL,J-38-B-3,TH80-OLE1-07-A07~A08,
2,35833476,116172,A,160,URGENT,J-38-B-3,TH80-OLE1-07-A07~A08,
1,13799806,116173,G,800,NORMAL,C-31-B-1,物料架-14-D07,
2,13799806,116174,G,800,URGENT,C-31-B-1,物料架-14-D07,
1,13799816,116175,G,380,NORMAL,G-27-B-3,物料架-14-E05,
2,13799816,116176,G,380,URGENT,G-27-B-3,物料架-14-E05,
1,35726153,116201,标包,200,NORMAL,A-36-B-4,外购件架-02-G02,
2,35726153,116202,标包,200,URGENT,A-36-B-4,外购件架-02-G02,
1,13799825,116259,G,450,NORMAL,G-13-C-6,物料架-04-F02,
2,13799825,116260,G,450,URGENT,G-13-C-6,物料架-04-F02,
1,10863926,116933,保鲜盒D,900,NORMAL,C-27-B-4,物料架-04-D02,
2,10863926,116934,保鲜盒D,900,URGENT,C-27-B-4,物料架-04-D02,
1,35522046,116937,D,750,NORMAL,E-34-B-3,物料架-04-D03,
2,35522046,116938,D,750,URGENT,E-34-B-3,物料架-04-D03,
1,35884177,117161,密封罐,2000,NORMAL,C-26-F-7,盲栓台-01-A01,
2,35884177,117162,密封罐,2000,URGENT,C-26-F-7,盲栓台-01-A01,
1,12105558,117163,密封罐,3000,NORMAL,C-25-F-5,盲栓台-01-B04,
2,12105558,117164,密封罐,3000,URGENT,C-25-F-5,盲栓台-01-B04,
1,33242215,117165,密封罐,2000,NORMAL,C-24-B-4,盲栓台-01-B05,
2,33242215,117166,密封罐,2000,URGENT,C-24-B-4,盲栓台-01-B05,
1,33234725,117167,H,120,NORMAL,F-38-C-3,波纹管架-06-G03,
2,33234725,117168,H,120,URGENT,F-38-C-3,波纹管架-06-G03,
1,35802589,117169,H,300,NORMAL,C-29-D-1,物料架-08-C03,
2,35802589,117170,H,300,URGENT,C-29-D-1,物料架-08-C03,
1,35522043,117283,密封罐,500,NORMAL,C-27-C-3,手工台-02-A05,
2,35522043,117284,密封罐,500,URGENT,C-27-C-3,手工台-02-A05,
1,35872931,117287,C,200,NORMAL,J-36-B-5,TH80-OLE-03-A03-A04,
2,35872931,117288,C,200,URGENT,J-36-B-5,TH80-OLE-03-A03-A04,
1,33192892,117351,H,400,NORMAL,D-23-D-4,物料架-10-B01,
2,33192892,117352,H,400,URGENT,D-23-D-4,物料架-10-B01,
1,35344127,117357,C,200,NORMAL,J-35-B-4,TH80-OLE1-07-A01~A02,
2,35344127,117358,C,200,URGENT,J-35-B-4,TH80-OLE1-07-A01~A02,
1,35335331,117545,D,500,NORMAL,G-12-C-2,物料架-04-F05,
2,35335331,117546,D,500,URGENT,G-12-C-2,物料架-04-F05,
1,35329714,117689,D,200,NORMAL,J-39-B-5,物料架-04-C01,
2,35329714,117690,D,200,URGENT,J-39-B-5,物料架-04-C01,
1,35269539,117807,标包,250,NORMAL,B-43-C-3,外购件架-03-F04,
2,35269539,117808,标包,250,URGENT,B-43-C-3,外购件架-03-F04,
1,35890110,117815,标包,12,NORMAL,I-14-B-1,外购件架-04-E01,
2,35890110,117816,标包,12,URGENT,I-14-B-1,外购件架-04-E01,
1,13799804,118363,G,1000,NORMAL,G-12-C-6,物料架-14-E03,
2,13799804,118364,G,1000,URGENT,G-12-C-6,物料架-14-E03,
1,35870502,118365,密封罐,1000,NORMAL,C-24-F-4,手工台-03-A04,
2,35870502,118366,密封罐,1000,URGENT,C-24-F-4,手工台-03-A04,
1,35866447,118371,D,200,NORMAL,J-37-B-3,手工台-20-B01,
2,35866447,118372,D,200,URGENT,J-37-B-3,手工台-20-B01,
1,35478395,118373,D,200,NORMAL,J-41-B-6,手工台-20-B04,
2,35478395,118374,D,200,URGENT,J-41-B-6,手工台-20-B04,
1,35868235,118375,D,200,NORMAL,J-32-B-4,手工台-20-B05,
2,35868235,118376,D,200,URGENT,J-32-B-4,手工台-20-B05,
1,35868236,118379,D,200,NORMAL,J-37-C-3,手工台-20-B02,
2,35868236,118380,D,200,URGENT,J-37-C-3,手工台-20-B02,
1,35866383,118381,D,400,NORMAL,J-38-B-9,手工台-20-B03,
2,35866383,118382,D,400,URGENT,J-38-B-9,手工台-20-B03,
1,35920454,118385,标包,150,NORMAL,A-41-B-4,外购件架-04-C04,
2,35920454,118386,标包,150,URGENT,A-41-B-4,外购件架-04-C04,
1,35907100,118387,标包,250,NORMAL,A-40-C-1,外购件架-03-C04,
2,35907100,118388,标包,250,URGENT,A-40-C-1,外购件架-03-C04,
1,35907098,118389,标包,300,NORMAL,A-39-C-3,外购件架-03-D04,
2,35907098,118390,标包,300,URGENT,A-39-C-3,外购件架-03-D04,
1,35866379,118391,标包,15,NORMAL,I-23-B-1,外购件架-03-G02,
2,35866379,118392,标包,15,URGENT,I-23-B-1,外购件架-03-G02,
1,35867351,118393,标包,20,NORMAL,G-39-D-4,外购件架-03-G03,
2,35867351,118394,标包,20,URGENT,G-39-D-4,外购件架-03-G03,
1,35907101,118395,标包,200,NORMAL,A-40-C-3,外购件架-03-C01,
2,35907101,118396,标包,200,URGENT,A-40-C-3,外购件架-03-C01,
1,35907102,118397,标包,400,NORMAL,A-40-D-2,外购件架-02-D03,
2,35907102,118398,标包,400,URGENT,A-40-D-2,外购件架-02-D03,
1,35866382,118399,G,120,NORMAL,J-30-B-2,物料架-01-C08,
2,35866382,118400,G,120,URGENT,J-30-B-2,物料架-01-C08,
1,35452214,118401,B,100,NORMAL,J-36-B-6,物料架-01-D04,
2,35452214,118402,B,100,URGENT,J-36-B-6,物料架-01-D04,
1,35866244,118407,B,170,NORMAL,J-30-B-3,物料架-14-F02,
2,35866244,118408,B,170,URGENT,J-30-B-3,物料架-14-F02,
1,35867607,118409,C,150,NORMAL,F-36-B-3,物料架-02-E08,
2,35867607,118410,C,150,URGENT,F-36-B-3,物料架-02-E08,
1,35865451,118411,G,120,NORMAL,J-30-B-4,物料架-02-F06,
2,35865451,118412,G,120,URGENT,J-30-B-4,物料架-02-F06,
1,35867594,118413,B,90,NORMAL,J-34-B-8,物料架-04-C02,
2,35867594,118414,B,90,URGENT,J-34-B-8,物料架-04-C02,
1,35901259,118915,G,100,NORMAL,J-34-B-7,物料架-04-C07,
2,35901259,118916,G,100,URGENT,J-34-B-7,物料架-04-C07,
1,35867028,119107,B,115,NORMAL,J-38-B-5,物料架-04-E07,
2,35867028,119108,B,115,URGENT,J-38-B-5,物料架-04-E07,
1,35903595,119111,标包,100,NORMAL,A-41-B-1,外购件架-04-A04,
2,35903595,119112,标包,100,URGENT,A-41-B-1,外购件架-04-A04,
1,35872150,119113,标包,150,NORMAL,A-39-D-4,外购件架-02-G01,
2,35872150,119114,标包,150,URGENT,A-39-D-4,外购件架-02-G01,
1,35994930,119115,标包,100,NORMAL,J-27-B-5,外购件架-04-A02,
2,35994930,119116,标包,100,URGENT,J-27-B-5,外购件架-04-A02,
1,35994931,119117,标包,100,NORMAL,J-27-C-2,外购件架-04-D02,
2,35994931,119118,标包,100,URGENT,J-27-C-2,外购件架-04-D02,
1,35893810,120183,D,160,NORMAL,J-39-B-4,物料架-04-F06,
2,35893810,120184,D,160,URGENT,J-39-B-4,物料架-04-F06,
1,35901568,120185,D,130,NORMAL,J-39-C-3,物料架-02-C03,
2,35901568,120186,D,130,URGENT,J-39-C-3,物料架-02-C03,
1,35894351,120187,保鲜盒,500,NORMAL,J-35-B-8,物料架-04-F08,
2,35894351,120188,保鲜盒,500,URGENT,J-35-B-8,物料架-04-F08,
1,35894601,120213,A,100,NORMAL,D-24-B-1,物料架-04-D08,
2,35894601,120214,A,100,URGENT,D-24-B-1,物料架-04-D08,
1,35323128,120223,标包,500,NORMAL,A-40-D-3,外购件架-03-E03,
2,35323128,120224,标包,500,URGENT,A-40-D-3,外购件架-03-E03,
1,35871632,120229,标包,120,NORMAL,D-29-D-2,外购件架-02-G05,
2,35871632,120230,标包,120,URGENT,D-29-D-2,外购件架-02-G05,
1,35940270,120233,C,300,NORMAL,J-34-B-5,物料架-14-D03,
2,35940270,120234,C,300,URGENT,J-34-B-5,物料架-14-D03,
1,35940268,120235,C,300,NORMAL,J-35-B-5,TH80-OLE-03-B05-B06,
2,35940268,120236,C,300,URGENT,J-35-B-5,TH80-OLE-03-B05-B06,
1,33350044,121397,G,400,NORMAL,J-33-B-4,自动线架-01-C03,
2,33350044,121398,G,400,URGENT,J-33-B-4,自动线架-01-C03,
1,13724549,122301,密封罐(半),2500,NORMAL,C-26-F-3,物料架-08-E04,
2,13724549,122302,密封罐(半),2500,URGENT,C-26-F-3,物料架-08-E04,
1,35658078,122305,密封罐,2500,NORMAL,C-25-B-4,冲孔台-01-A05-A06,
2,35658078,122306,密封罐,2500,URGENT,C-25-B-4,冲孔台-01-A05-A06,
1,13829244,122307,密封罐,3000,NORMAL,C-26-E-4,冲孔台-01-A07-A08,
2,13829244,122308,密封罐,3000,URGENT,C-26-E-4,冲孔台-01-A07-A08,
1,33356195,122309,标包,150,NORMAL,E-20-D-6,物料架左-09-A01~02,
2,33356195,122310,标包,150,URGENT,E-20-D-6,物料架左-09-A01~02,
1,13781325,122311,标包,264,NORMAL,C-31-C-3,物料架左-09-A02,
2,13781325,122312,标包,264,URGENT,C-31-C-3,物料架左-09-A02,
1,35847553,122313,标包,200,NORMAL,D-41-B-4,物料架左-09-A03,
2,35847553,122314,标包,200,URGENT,D-41-B-4,物料架左-09-A03,
1,35276614,122395,G,100,NORMAL,G-25-B-3,自动线架-01-C04,
2,35276614,122396,G,100,URGENT,G-25-B-3,自动线架-01-C04,
1,35492865,122397,G,135,NORMAL,E-29-C-4,自动线架-01-C02,
2,35492865,122398,G,135,URGENT,E-29-C-4,自动线架-01-C02,
1,35907099,122401,标包,400,NORMAL,A-37-C-4,外购件架-04-C03,
1,35837170,122402,C,450,NORMAL,F-24-C-5,物料架-04-D05,
2,35907099,122403,标包,400,URGENT,A-37-C-4,外购件架-04-C03,
2,35837170,122404,C,450,URGENT,F-24-C-5,物料架-04-D05,
1,35748453,123313,A,130,NORMAL,J-33-B-1,物料架-14-F01,
2,35748453,123314,A,130,URGENT,J-33-B-1,物料架-14-F01,
1,35909100,123315,标包,250,NORMAL,A-37-C-3,外购件架-03-E01,
2,35909100,123316,标包,250,URGENT,A-37-C-3,外购件架-03-E01,
1,35909099,123317,标包,400,NORMAL,J-23-B-2,外购件架-03-D03,
2,35909099,123318,标包,400,URGENT,J-23-B-2,外购件架-03-D03,
1,35805033,123319,C,150,NORMAL,J-34-B-6,自动线架-01-B03,
2,35805033,123320,C,150,URGENT,J-34-B-6,自动线架-01-B03,
1,35895147,123321,G,400,NORMAL,J-33-B-2,自动线架-01-B04,
2,35895147,123322,G,400,URGENT,J-33-B-2,自动线架-01-B04,
1,13799792,123323,G,3500,NORMAL,D-35-D-5,自动线架-01-B05,
2,13799792,123324,G,3500,URGENT,D-35-D-5,自动线架-01-B05,
1,13514078,124791,密封罐,5000,NORMAL,C-25-B-5,手工台05-A03,
2,13514078,124792,密封罐,5000,URGENT,C-25-B-5,手工台05-A03,
1,13826722,124793,密封罐,3100,NORMAL,D-23-B-5,冲孔台01-A03-A04,
2,13826722,124794,密封罐,3100,URGENT,D-23-B-5,冲孔台01-A03-A04,
1,35747852,124795,G,75,NORMAL,D-34-C-6,物料架-08-E02,
2,35747852,124796,G,75,URGENT,D-34-C-6,物料架-08-E02,
1,13768626,124797,密封罐,6500,NORMAL,C-26-D-1,冲孔台01-A01-02,
2,13768626,124798,密封罐,6500,URGENT,C-26-D-1,冲孔台01-A01-02,
1,35920459,124887,标包,300,NORMAL,A-37-B-3,外购件架-03-G07,
2,35920459,124888,标包,300,URGENT,A-37-B-3,外购件架-03-G07,
1,35920455,124889,标包,250,NORMAL,A-37-B-4,外购件架-01-G04,
2,35920455,124890,标包,250,URGENT,A-37-B-4,外购件架-01-G04,
1,35894334,124891,标包,18,NORMAL,H-18-B-1,外购件架-04-G01,
2,35894334,124892,标包,18,URGENT,H-18-B-1,外购件架-04-G01,
1,35920875,124893,标包,150,NORMAL,A-36-B-1,外购件架-02-G04,
2,35920875,124894,标包,150,URGENT,A-36-B-1,外购件架-02-G04,
1,35945655,125533,标包,100,NORMAL,A-40-B-3,外购件架-01-G02,
2,35945655,125534,标包,100,URGENT,A-40-B-3,外购件架-01-G02,
1,35945666,125535,标包,150,NORMAL,A-38-B-4,外购件架-01-G03,
2,35945666,125536,标包,150,URGENT,A-38-B-4,外购件架-01-G03,
1,35994932,125537,标包,100,NORMAL,A-38-D-4,外购件架-01-A01,
2,35994932,125538,标包,100,URGENT,A-38-D-4,外购件架-01-A01,
1,35945650,125539,标包,100,NORMAL,A-39-B-1,外购件架-03-G01,
2,35945650,125540,标包,100,URGENT,A-39-B-1,外购件架-03-G01,
1,35994933,125541,标包,100,NORMAL,A-39-D-1,外购件架-04-A03,
2,35994933,125542,标包,100,URGENT,A-39-D-1,外购件架-04-A03,
1,35945646,125543,标包,100,NORMAL,A-38-B-5,外购件架-01-G01,
2,35945646,125544,标包,100,URGENT,A-38-B-5,外购件架-01-G01,
1,35414621,125545,C,500,NORMAL,J-32-B-6,物料架-14-D01,
2,35414621,125546,C,500,URGENT,J-32-B-6,物料架-14-D01,
1,35845308,125547,A,150,NORMAL,J-39-C-4,物料架-14-D02,
2,35845308,125548,A,150,URGENT,J-39-C-4,物料架-14-D02,
1,35771828,125549,密封罐,6000,NORMAL,C-25-F-3,TH80-OLE1-07-B09,
2,35771828,125550,密封罐,6000,URGENT,C-25-F-3,TH80-OLE1-07-B09,
1,13834763,125551,保鲜盒,2000,NORMAL,D-9-F-7,手工台-02-A07,
2,13834763,125552,保鲜盒,2000,URGENT,D-9-F-7,手工台-02-A07,
1,15497687,125553,B,2000,NORMAL,D-35-B-1,手工台-02-B05~B06,
2,15497687,125554,B,2000,URGENT,D-35-B-1,手工台-02-B05~B06,
1,35805907,125555,密封罐,2000,NORMAL,C-24-D-3,TH80-OLE1-07-B10,
2,35805907,125556,密封罐,2000,URGENT,C-24-D-3,TH80-OLE1-07-B10,
1,12162868,125557,密封罐,2000,NORMAL,C-26-B-1,手工台-02-A03,
2,12162868,125558,密封罐,2000,URGENT,C-26-B-1,手工台-02-A03,
1,35747856,126581,H,120,NORMAL,C-28-C-4,物料架-08-E03,
2,35747856,126582,H,120,URGENT,C-28-C-4,物料架-08-E03,
1,35900876,127331,密封罐,2500,NORMAL,C-25-E-5,手工台05-A05,
2,35900876,127332,密封罐,2500,URGENT,C-25-E-5,手工台05-A05,
1,13944187,127333,H,100,NORMAL,C-34-B-1,物料架-08-C04,
2,13944187,127334,H,100,URGENT,C-34-B-1,物料架-08-C04,
1,35888204,127695,B,285,NORMAL,J-34-B-3,物料架-14-F05,
2,35888204,127696,B,285,URGENT,J-34-B-3,物料架-14-F05,
1,13643460,127697,G,1100,NORMAL,J-37-B-7,手工台-20-A02,
2,13643460,127698,G,1100,URGENT,J-37-B-7,手工台-20-A02,
1,35037395,127699,A,110,NORMAL,J-30-B-8,手工台-20-A03,
2,35037395,127700,A,110,URGENT,J-30-B-8,手工台-20-A03,
1,35453912,127701,G,580,NORMAL,J-33-B-5,手工台-20-A04,
2,35453912,127702,G,580,URGENT,J-33-B-5,手工台-20-A04,
1,35927833,127705,标包,200,NORMAL,J-28-C-3,外购件架-02-C02,
2,35927833,127706,标包,200,URGENT,J-28-C-3,外购件架-02-C02,
1,35927834,127709,标包,200,NORMAL,J-25-C-4,外购件架-04-D03,
2,35927834,127710,标包,200,URGENT,J-25-C-4,外购件架-04-D03,
1,35894338,127711,标包,100,NORMAL,A-40-B-1,外购件架-04-E04,
2,35894338,127712,标包,100,URGENT,A-40-B-1,外购件架-04-E04,
1,35700073,128045,D,300,NORMAL,E-7-D-5,物料架-02-C01,
2,35700073,128046,D,300,URGENT,E-7-D-5,物料架-02-C01,
1,35444501,128047,D,2000,NORMAL,E-11-C-4,物料架-02-C03,
2,35444501,128048,D,2000,URGENT,E-11-C-4,物料架-02-C03,
1,35821381,129069,标包,700,NORMAL,A-37-D-3,外购件架-01-D02,
2,35821381,129070,标包,700,URGENT,A-37-D-3,外购件架-01-D02,
1,13524761,129243,C,500,NORMAL,D-19-B-6,物料架-14-F06,
2,13524761,129244,C,500,URGENT,D-19-B-6,物料架-14-F06,
1,15327860,129345,密封罐,3500,NORMAL,C-26-E-6,手工台05-A06,
2,15327860,129346,密封罐,3500,URGENT,C-26-E-6,手工台05-A06,
1,35909096,129523,标包,200,NORMAL,A-42-D-3,外购件架-01-E01,
2,35909096,129524,标包,200,URGENT,A-42-D-3,外购件架-01-E01,
1,35910881,129525,标包,15,NORMAL,J-23-B-1,物料架12-F03,
2,35910881,129526,标包,15,URGENT,J-23-B-1,物料架12-F03,
1,35909098,129527,标包,400,NORMAL,A-37-D-1,外购件架-03-D02,
2,35909098,129528,标包,400,URGENT,A-37-D-1,外购件架-03-D02,
1,35909101,129529,标包,250,NORMAL,A-36-D-5,外购件架-01-B01,
2,35909101,129530,标包,250,URGENT,A-36-D-5,外购件架-01-B01,
1,35909097,129531,标包,200,NORMAL,A-36-D-4,外购件架-04-E01,
2,35909097,129532,标包,200,URGENT,A-36-D-4,外购件架-04-E01,
1,35910875,129535,标包,15,NORMAL,J-18-B-6,外购件架-04-G03,
2,35910875,129536,标包,15,URGENT,J-18-B-6,外购件架-04-G03,
1,35349319,129545,标包,100,NORMAL,B-40-B-1,外购件架-04-E03,
2,35349319,129546,标包,100,URGENT,B-40-B-1,外购件架-04-E03,
1,35921533,129557,密封罐,3000,NORMAL,C-28-B-1,胶带机-07-A03前,
2,35921533,129558,密封罐,3000,URGENT,C-28-B-1,胶带机-07-A03前,
1,35812377,129753,A,100,NORMAL,J-37-C-2,物料架-04-D01,
2,35812377,129754,A,100,URGENT,J-37-C-2,物料架-04-D01,
1,35910762,129755,A,60,NORMAL,J-36-C-8,物料架-02-F02,
2,35910762,129756,A,60,URGENT,J-36-C-8,物料架-02-F02,
1,35513934,129991,A,400,NORMAL,J-35-B-1,手工台-14-A01,
2,35513934,129992,A,400,URGENT,J-35-B-1,手工台-14-A01,
1,35344127,130035,D,600,NORMAL,J-35-B-4,手工台-14-A04,
2,35344127,130036,D,600,URGENT,J-35-B-4,手工台-14-A04,
1,13799796,130073,G,670,NORMAL,I-31-B-1,TH80-OLE-06-A03~A04,
2,13799796,130074,G,670,URGENT,I-31-B-1,TH80-OLE-06-A03~A04,
1,15497686,130089,B,1000,NORMAL,G-31-C-3,手工台-12-A03&A04,
2,15497686,130090,B,1000,URGENT,G-31-C-3,手工台-12-A03&A04,
1,35982753,130105,密封罐,8000,NORMAL,C-24-C-7,盲栓台-01-A06,
2,35982753,130106,密封罐,8000,URGENT,C-24-C-7,盲栓台-01-A06,
1,13610491,130107,密封罐,3000,NORMAL,C-26-E-5,物料架-07-D05,
2,13610491,130108,密封罐,3000,URGENT,C-26-E-5,物料架-07-D05,
1,35869698,130109,标包,320,NORMAL,D-34-D-3,物料架-06-B01,
2,35869698,130110,标包,320,URGENT,D-34-D-3,物料架-06-B01,
1,35873475,130111,标包,294,NORMAL,B-41-C-1,物料架-06-A03~04,
2,35873475,130112,标包,294,URGENT,B-41-C-1,物料架-06-A03~04,
1,13781326,130113,标包,220,NORMAL,F-42-B-4,物料架-06-B02,
2,13781326,130114,标包,220,URGENT,F-42-B-4,物料架-06-B02,
1,35873361,130115,标包,144,NORMAL,I-22-B-2,物料架-06-B01~02,
2,35873361,130116,标包,144,URGENT,I-22-B-2,物料架-06-B01~02,
1,35873376,130117,标包,144,NORMAL,I-23-B-3,物料架-06-A01~02,
2,35873376,130118,标包,144,URGENT,I-23-B-3,物料架-06-A01~02,
1,35869687,130119,标包,280,NORMAL,D-35-D-5,物料架-06-B03-B05,
2,35869687,130120,标包,280,URGENT,D-35-D-5,物料架-06-B03-B05,
1,33154400,130163,密封罐,3000,NORMAL,C-28-B-5,手工台-05-A02,
2,33154400,130164,密封罐,3000,URGENT,C-28-B-5,手工台-05-A02,
1,15479448,130165,密封罐,3500,NORMAL,C-28-C-1,TH80-OLE1-07-B11,
2,15479448,130166,密封罐,3500,URGENT,C-28-C-1,TH80-OLE1-07-B11,
1,35309656,130167,H,160,NORMAL,J-29-B-1,物料架-09-B05,
2,35309656,130168,H,160,URGENT,J-29-B-1,物料架-09-B05,
1,36006256,130169,标包,150,NORMAL,J-23-B-6,外购件架-03-F03,
2,36006256,130170,标包,150,URGENT,J-23-B-6,外购件架-03-F03,
1,36006253,130923,标包,150,NORMAL,A-43-C-5,外购件架-02-F02,
2,36006253,130924,标包,150,URGENT,A-43-C-5,外购件架-02-F02,
1,35323128,130925,标包,500,NORMAL,A-40-D-3,外购件架-04-E02,
2,35323128,130926,标包,500,URGENT,A-40-D-3,外购件架-04-E02,
1,10721143,131077,密封罐,4000,NORMAL,C-26-D-5,盲栓台-01-A02,
2,10721143,131078,密封罐,4000,URGENT,C-26-D-5,盲栓台-01-A02,
1,35666170,131079,密封罐,7000,NORMAL,B-31-D-2,盲栓台-01-A04,
2,35666170,131080,密封罐,7000,URGENT,B-31-D-2,盲栓台-01-A04,
1,35922160,131081,标包,400,NORMAL,D-24-B-3,物料架-07-A03,
2,35922160,131082,标包,400,URGENT,D-24-B-3,物料架-07-A03,
1,35994935,131119,标包,100,NORMAL,B-42-B-5,外购件架-02-E01,
2,35994935,131120,标包,100,URGENT,B-42-B-5,外购件架-02-E01,
1,35976074,131121,标包,100,NORMAL,A-40-B-5,外购件架-04-D04,
2,35976074,131122,标包,100,URGENT,A-40-B-5,外购件架-04-D04,
1,35979234,131305,H,160,NORMAL,D-32-C-1,物料架-08-E01,
2,35979234,131306,H,160,URGENT,D-32-C-1,物料架-08-E01,
1,35910857,131381,标包,15,NORMAL,J-27-B-4,外购件架-04-F04,
2,35910857,131382,标包,15,URGENT,J-27-B-4,外购件架-04-F04,
1,35976239,131767,标包,100,NORMAL,A-37-B-6,外购件架-04-B04,
2,35976239,131768,标包,100,URGENT,A-37-B-6,外购件架-04-B04,
1,35976098,131769,标包,100,NORMAL,A-37-B-1,物料架-12-G02,
2,35976098,131770,标包,100,URGENT,A-37-B-1,物料架-12-G02,
1,35727486,132067,G,100,NORMAL,J-33-B-6,物料架-01-D07,
2,35727486,132068,G,100,URGENT,J-33-B-6,物料架-01-D07,
1,35264973,132069,G,400,NORMAL,J-32-B-5,物料架-01-F06,
2,35264973,132070,G,400,URGENT,J-32-B-5,物料架-01-F06,
1,35929312,132079,标包,300,NORMAL,A-37-C-5,外购件架-01-A03,
2,35929312,132080,标包,300,URGENT,A-37-C-5,外购件架-01-A03,
1,35997282,132755,标包,150,NORMAL,A-42-D-1,外购件架-03-G02,
2,35997282,132756,标包,150,URGENT,A-42-D-1,外购件架-03-G02,
1,35679050,132757,密封罐,200,NORMAL,C-29-C-1,物料架-01-C03,
2,35679050,132758,密封罐,200,URGENT,C-29-C-1,物料架-01-C03,
1,35842539,132759,B,220,NORMAL,G-35-D-1,物料架-01-C04,
2,35842539,132760,B,220,URGENT,G-35-D-1,物料架-01-C04,
1,35990901,132763,标包,400,NORMAL,A-37-D-4,外购件架-04-A01,
2,35990901,132764,标包,400,URGENT,A-37-D-4,外购件架-04-A01,
1,35994934,132775,标包,100,NORMAL,A-39-C-4,外购件架-01-A02,
2,35994934,132776,标包,100,URGENT,A-39-C-4,外购件架-01-A02,
1,35994927,132781,标包,400,NORMAL,A-37-D-5,外购件架-02-D01,
2,35994927,132782,标包,400,URGENT,A-37-D-5,外购件架-02-D01,
1,35909102,132783,标包,500,NORMAL,X-0-W-0,外购件架-02-E03,
2,35909102,132784,标包,500,URGENT,X-0-W-0,外购件架-02-E03,
1,35897603,132901,C,200,NORMAL,J-31-B-8,物料架-02-F06,
2,35897603,132902,C,200,URGENT,J-31-B-8,物料架-02-F06,
1,35976099,132903,标包,108,NORMAL,B-42-B-3,物料架-12-G01,
2,35976099,132904,标包,108,URGENT,B-42-B-3,物料架-12-G01,
1,35980232,133031,标包,100,NORMAL,A-41-D-3,外购件架-04-G02,
2,35980232,133032,标包,100,URGENT,A-41-D-3,外购件架-04-G02,
1,36009118,133033,标包,200,NORMAL,A-42-D-4,外购件架-04-B01,
2,36009118,133034,标包,200,URGENT,A-42-D-4,外购件架-04-B01,
1,35072598,133115,H,250,NORMAL,G-29-B-1,物料架-06-C04,
2,35072598,133116,H,250,URGENT,G-29-B-1,物料架-06-C04,
1,13799816,133529,G,380,NORMAL,G-27-B-2,胶带机-12-A01~A02,
2,13799816,133530,G,380,URGENT,G-27-B-2,胶带机-12-A01~A02,
1,35525929,133531,G,500,NORMAL,B-34-C-6,胶带机-12-A03~A04,
2,35525929,133532,G,500,URGENT,B-34-C-6,胶带机-12-A03~A04,
1,35852047,133543,H,60,NORMAL,F-40-D-1,物料架12-E01~E02,
2,35852047,133544,H,60,URGENT,F-40-D-1,物料架12-E01~E02,
1,35852048,133545,标包,120,NORMAL,F-41-D-2,物料架12-C01~C02,
2,35852048,133546,标包,120,URGENT,F-41-D-2,物料架12-C01~C02,
1,35817661,133547,C,400,NORMAL,G-38-C-4,物料架14-D06,
2,35817661,133548,C,400,URGENT,G-38-C-4,物料架14-D06,
1,35183617,133549,A,350,NORMAL,F-41-B-6,物料架14-D05,
2,35183617,133550,A,350,URGENT,F-41-B-6,物料架14-D05,
1,35851419,133551,G,100,NORMAL,G-41-D-1,物料架14-F07,
2,35851419,133552,G,100,URGENT,G-41-D-1,物料架14-F07,
1,36029533,133553,标包,16,NORMAL,I-33-B-1,物料架12-G04,
2,36029533,133554,标包,16,URGENT,I-33-B-1,物料架12-G04,
1,35895936,133565,标包,180,NORMAL,B-43-B-1,物料架-06-B04,
2,35895936,133566,标包,180,URGENT,B-43-B-1,物料架-06-B04,
1,35990219,133619,标包,100,NORMAL,C-36-D-1,外购件架-04-G04,
2,35990219,133620,标包,100,URGENT,C-36-D-1,外购件架-04-G04,
1,35472927,133689,标包,200,NORMAL,I-31-B-4,物料架-15-A01~02,
2,35472927,133690,标包,200,URGENT,I-31-B-4,物料架-15-A01~02,
1,15395914,133725,密封罐,5000,NORMAL,E-33-D-3,盲栓台-01-A03,
2,15395914,133726,密封罐,5000,URGENT,E-33-D-3,盲栓台-01-A03,
1,35980436,133727,标包,100,NORMAL,D-35-B-4,外购件架-03-A03,
2,35980436,133728,标包,100,URGENT,D-35-B-4,外购件架-03-A03,
1,36024802,133729,标包,100,NORMAL,D-37-B-2,外购件架-04-B03,
2,36024802,133730,标包,100,URGENT,D-37-B-2,外购件架-04-B03,
1,35926890,133731,标包,200,NORMAL,D-33-D-1,物料架-15-A03~04,
2,35926890,133732,标包,200,URGENT,D-33-D-1,物料架-15-A03~04,
1,36021785,133733,标包,9,NORMAL,I-34-B-4,物料架-13-D01~D04,
2,36021785,133734,标包,9,URGENT,I-34-B-4,物料架-13-D01~D04,
1,36021785,133735,标包,9,NORMAL,I-34-B-4,物料架-13-E01~E04,
2,36021785,133736,标包,9,URGENT,I-34-B-4,物料架-13-E01~E04,
1,35985241,133737,标包,250,NORMAL,A-39-C-1,外购件架-03-E04,
2,35985241,133738,标包,250,URGENT,A-39-C-1,外购件架-03-E04,
1,35607902,133807,C,600,NORMAL,J-38-C-3,物料架-01-C04,
2,35607902,133808,C,600,URGENT,J-38-C-3,物料架-01-C04,
1,35617220,133809,C,430,NORMAL,J-33-B-3,物料架-01-D06,
2,35617220,133810,C,430,URGENT,J-33-B-3,物料架-01-D06,
1,36029133,133835,标包,100,NORMAL,C-37-B-1,外购件架-02-C01,
2,36029133,133836,标包,100,URGENT,C-37-B-1,外购件架-02-C01,
1,36029130,133837,标包,100,NORMAL,C-39-B-1,外购件架-02-E02,
2,36029130,133838,标包,100,URGENT,C-39-B-1,外购件架-02-E02,
1,35985242,133913,标包,250,NORMAL,B-41-C-5,外购件架-02-B01,
2,35985242,133914,标包,250,URGENT,B-41-C-5,外购件架-02-B01,
1,M5355106,134099,标包,1200,NORMAL,I-41-B-3,H19,
2,M5355106,134100,标包,1200,URGENT,I-41-B-3,H19,
1,M5355114,134101,标包,600,NORMAL,I-38-B-1,H19,
2,M5355114,134102,标包,600,URGENT,I-38-B-1,H19,
1,M5883002,134103,标包,180,NORMAL,H-38-B-6,H19,
2,M5883002,134104,标包,180,URGENT,H-38-B-6,H19,
1,36022012,134105,标包,250,NORMAL,B-42-B-4,外购件架-02-B02,
2,36022012,134106,标包,250,URGENT,B-42-B-4,外购件架-02-B02,
1,35525973,134179,G,500,NORMAL,G-13-B-3,TH80-OLE1-10-A01~A02,
2,35525973,134180,G,500,URGENT,G-13-B-3,TH80-OLE1-10-A01~A02,
1,M3569010,134329,标包,200,NORMAL,I-38-B-2,H19房间-物料架-04,
2,M3569010,134330,标包,200,URGENT,I-38-B-2,H19房间-物料架-04,
1,M3569002,134331,标包,200,NORMAL,I-21-B-3,H19房间-物料架-04,
2,M3569002,134332,标包,200,URGENT,I-21-B-3,H19房间-物料架-04,
1,35983199,134697,密封罐,5000,NORMAL,D-12-D-1,盲栓台-01-B06,
2,35983199,134698,密封罐,5000,URGENT,D-12-D-1,盲栓台-01-B06,
1,35805042,136619,C,200,NORMAL,J-36-B-2,物料架-04-E04,
2,35805042,136620,C,200,URGENT,J-36-B-2,物料架-04-E04,
1,36069342,136621,C,100,NORMAL,J-36-B-5,物料架-04-E05,
2,36069342,136622,C,100,URGENT,J-36-B-5,物料架-04-E05,
1,35452248,136645,C,500,NORMAL,J-39-C-6,手工台-14-A01~A02,
2,35452248,136646,C,500,URGENT,J-39-C-6,手工台-14-A01~A02,
1,36029149,136731,标包,100,NORMAL,A-42-D-2,外购件架-02-B03,
2,36029149,136732,标包,100,URGENT,A-42-D-2,外购件架-02-B03,
1,36071171,136733,标包,200,NORMAL,A-43-D-1,外购件架-02-C01,
2,36071171,136734,标包,200,URGENT,A-43-D-1,外购件架-02-C01,
1,36071172,136735,标包,200,NORMAL,A-43-D-2,外购件架-02-E02,
2,36071172,136736,标包,200,URGENT,A-43-D-2,外购件架-02-E02,
1,35617712,136737,H,700,NORMAL,E-19-D-2,物料架-10-B02,
2,35617712,136738,H,700,URGENT,E-19-D-2,物料架-10-B02,
1,35856330,136739,密封罐,10000,NORMAL,C-28-B-3,物料架-08-E05,
2,35856330,136740,密封罐,10000,URGENT,C-28-B-3,物料架-08-E05,
1,36031212,137935,标包,250,NORMAL,A-39-D-4,外购件架-01-E03,
2,36031212,137936,标包,250,URGENT,A-39-D-4,外购件架-01-E03,
1,36031211,137937,标包,200,NORMAL,A-39-D-2,外购件架-01-F01,
2,36031211,137938,标包,200,URGENT,A-39-D-2,外购件架-01-F01,
1,35854336,137939,C,400,NORMAL,J-37-B-7,物料架-14-D03,
2,35854336,137940,C,400,URGENT,J-37-B-7,物料架-14-D03,
1,35990218,138799,标包,150,NORMAL,B-41-B-5,外购件架-06-B01,
2,35990218,138800,标包,150,URGENT,B-41-B-5,外购件架-06-B01,
1,12198198,138947,密封罐,5000,NORMAL,C-25-C-1,物料架-07-D06,
2,12198198,138948,密封罐,5000,URGENT,C-25-C-1,物料架-07-D06,
1,33234726,138949,H,100,NORMAL,G-24-B-5,物料架-06-B03,
2,33234726,138950,H,100,URGENT,G-24-B-5,物料架-06-B03,
1,13589607,138953,D,210,NORMAL,I-24-B-1,CHERY-T1GC-1.6T搭铁-FA-B01~B02,
2,13589607,138954,D,210,URGENT,I-24-B-1,CHERY-T1GC-1.6T搭铁-FA-B01~B02,
1,35941575,138955,标包,80,NORMAL,B-39-B-1,35941575周转车,
2,35941575,138956,标包,80,URGENT,B-39-B-1,35941575周转车,
1,PE706356,138957,H,80,NORMAL,B-37-C-5,物料架-14-D05,
2,PE706356,138958,H,80,URGENT,B-37-C-5,物料架-14-D05,
1,35340187,138969,C,100,NORMAL,B-32-B-1,TH8001-01-A01,
2,35340187,138970,C,100,URGENT,B-32-B-1,TH8001-01-A01,
1,35344601,138971,D,200,NORMAL,J-31-B-4,物料架-04-C04,
2,35344601,138972,D,200,URGENT,J-31-B-4,物料架-04-C04,
1,35921533,139025,密封罐,3000,NORMAL,C-28-B-1,手工台-03-A02,
2,35921533,139026,密封罐,3000,URGENT,C-28-B-1,手工台-03-A02,
1,13778934,139027,标包,264,NORMAL,D-20-B-1,物料架-08左-A03,
2,13778934,139028,标包,264,URGENT,D-20-B-1,物料架-08左-A03,
1,35784506,139029,标包,128,NORMAL,B-37-D-1,物料架-08左-A04,
2,35784506,139030,标包,128,URGENT,B-37-D-1,物料架-08左-A04,
1,35837827,139031,标包,343,NORMAL,B-34-C-2,物料架-16-A01,
2,35837827,139032,标包,343,URGENT,B-34-C-2,物料架-16-A01,
1,13945852,139033,标包,232,NORMAL,B-38-B-1,物料架-16-A02,
2,13945852,139034,标包,232,URGENT,B-38-B-1,物料架-16-A02,
1,35072599,139035,标包,600,NORMAL,B-30-D-5,物料架-16-A03,
2,35072599,139036,标包,600,URGENT,B-30-D-5,物料架-16-A03,
1,35812390,139037,标包,180,NORMAL,B-37-D-5,物料架-16-A04,
2,35812390,139038,标包,180,URGENT,B-37-D-5,物料架-16-A04,
1,15504426,139991,密封罐,410,NORMAL,C-25-F-1,物料架-03-E01,
2,15504426,139992,密封罐,410,URGENT,C-25-F-1,物料架-03-E01,
1,35522042,139993,密封罐,230,NORMAL,C-27-B-4,物料架-03-E02,
2,35522042,139994,密封罐,230,URGENT,C-27-B-4,物料架-03-E02,
1,35493854,139995,G,400,NORMAL,J-36-C-3,物料架-03-F01,
2,35493854,139996,G,400,URGENT,J-36-C-3,物料架-03-F01,
1,35980632,139997,G,200,NORMAL,J-34-B-5,物料架-03-F02,
2,35980632,139998,G,200,URGENT,J-34-B-5,物料架-03-F02,
1,36094989,139999,G,200,NORMAL,J-31-B-6,物料架-03-F03,
2,36094989,140000,G,200,URGENT,J-31-B-6,物料架-03-F03,
1,35522045,140001,B,210,NORMAL,C-30-C-6,物料架-03-F04,
2,35522045,140002,B,210,URGENT,C-30-C-6,物料架-03-F04,
1,35752429,140003,标包,336,NORMAL,E-31-C-1,物料架-08左-A02,
2,35752429,140004,标包,336,URGENT,E-31-C-1,物料架-08左-A02,
1,12147387,140005,密封罐,3000,NORMAL,C-24-E-3,物料架14-D06,
2,12147387,140006,密封罐,3000,URGENT,C-24-E-3,物料架14-D06,
1,15327913,140007,密封罐,3000,NORMAL,C-26-D-7,物料架14-F07,
2,15327913,140008,密封罐,3000,URGENT,C-26-D-7,物料架14-F07,
1,36022437,140009,密封罐,400,NORMAL,C-26-E-7,物料架14-F08,
2,36022437,140010,密封罐,400,URGENT,C-26-E-7,物料架14-F08,
1,13724552,140127,密封罐,1500,NORMAL,D-14-C-1,盲栓台-01-B02,
2,13724552,140128,密封罐,1500,URGENT,D-14-C-1,盲栓台-01-B02,
1,36057924,140129,G,180,NORMAL,B-36-C-6,物料架-03-F05,
2,36057924,140130,G,180,URGENT,B-36-C-6,物料架-03-F05,
1,PE710357,140131,G,165,NORMAL,B-43-C-6,物料架-03-F05,
2,PE710357,140132,G,165,URGENT,B-43-C-6,物料架-03-F05,
1,35759171,140133,H,350,NORMAL,J-17-C-4,物料架-10-B03,
2,35759171,140134,H,350,URGENT,J-17-C-4,物料架-10-B03,
1,35658747,140169,G,600,NORMAL,J-36-C-4,物料架-03-E03,
2,35658747,140170,G,600,URGENT,J-36-C-4,物料架-03-E03,
1,35913465,140171,D,600,NORMAL,J-36-B-7,物料架-03-E04,
2,35913465,140172,D,600,URGENT,J-36-B-7,物料架-03-E04,
1,35082605,138887,密封罐,3000,NORMAL,B-30-D-2,插接机物料架-后-D01,
2,35082605,138888,密封罐,3000,URGENT,B-30-D-2,插接机物料架-后-D01,
1,33183610,138889,密封罐,3000,NORMAL,C-24-C-1,插接机物料架-后-D02,
2,33183610,138890,密封罐,3000,URGENT,C-24-C-1,插接机物料架-后-D02,
1,10865977,138897,C,600,NORMAL,C-40-D-5,插接机物料架-前-D01,
2,10865977,138898,C,600,URGENT,C-40-D-5,插接机物料架-前-D01,
1,15368614,138901,标包,4000,NORMAL,B-26-C-3,拉力机-01-待用端子,
2,15368614,138902,标包,4000,URGENT,B-26-C-3,拉力机-01-待用端子,
1,33190218,138903,标包,4500,NORMAL,B-21-D-1,拉力机-01-待用端子,
2,33190218,138904,标包,4500,URGENT,B-21-D-1,拉力机-01-待用端子,
1,33299016,138905,标包,5000,NORMAL,B-27-C-4,拉力机-01-待用端子,
2,33299016,138906,标包,5000,URGENT,B-27-C-4,拉力机-01-待用端子,
